timeOpen,open,high,low,close,volume,marketCap
2024-04-24T00:00:00.000Z,66408.7220661493,67075.3696458104,63589.8719293202,64276.8974153965,30276655120.02,1265561280453.39
2024-04-25T00:00:00.000Z,64275.0210186857,65275.2075178735,62783.6332731569,64481.7066444767,32155786816.01,1269733248757.26
2024-04-26T00:00:00.000Z,64485.3699318773,64789.6575058214,63322.3996366721,63755.3213316848,24139372950.15,1255299007879.53
2024-04-27T00:00:00.000Z,63750.9901461159,63898.3615918925,62424.7206816789,63419.141196433,19530783038.96,1248878755079.36
2024-04-28T00:00:00.000Z,63423.5139265635,64321.482807962,62793.5987661365,63113.2316825626,17334827992.62,1242661116273.87
2024-04-29T00:00:00.000Z,63106.3642006694,64174.8777212994,61795.4572006942,63841.1201641904,26635912073.23,1257121259561.43
2024-04-30T00:00:00.000Z,63839.419865918,64703.332363219,59120.0680465683,60636.8567800147,37840840057.21,1193544962108.24
2024-05-01T00:00:00.000Z,60609.4979456889,60780.4996773697,56555.2940546252,58254.0098531432,48439780271.06,1147184157457.92
2024-05-02T00:00:00.000Z,58253.7047001798,59602.2980278408,56937.2041675081,59123.432246675,32711813559.09,1164330817512.3
2024-05-03T00:00:00.000Z,59122.3008516113,63320.5033894935,58848.3120591606,62889.8367440854,33172023048.2,1238554321094.73
2024-05-04T00:00:00.000Z,62891.0305478435,64494.9584257589,62599.3531468395,63891.4729184709,20620477991.84,1258304781123.06
2024-05-05T00:00:00.000Z,63892.4549874494,64610.8902147328,62955.3064762918,64031.1328085695,18296164805.46,1261203911121.78
2024-05-06T00:00:00.000Z,64038.3135554184,65494.9017248,62746.2384545471,63161.9502576304,28697928697.49,1243984877329.17
2024-05-07T00:00:00.000Z,63162.7633988645,64390.4567414101,62285.9791810284,62334.8183461472,25930730981.56,1227659657662.19
2024-05-08T00:00:00.000Z,62332.6425081457,62986.0842424385,60877.1275241843,61187.9414007209,26088172222.01,1205202182090.81
2024-05-09T00:00:00.000Z,61191.2005309392,63404.9153005351,60648.0754241275,63049.9592572275,25453338160.85,1241942293192.66
2024-05-10T00:00:00.000Z,63055.1909954148,63446.742514866,60208.7815474421,60792.7767905692,27804954694.22,1197421098168.55
2024-05-11T00:00:00.000Z,60793.3570069146,61451.153731082,60492.6253742997,60793.7095993966,13842272967.56,1197453013828.78
2024-05-12T00:00:00.000Z,60793.5020253167,61818.1548827464,60632.6024448204,61448.3946717975,13800459404.7,1210435745366.84
2024-05-13T00:00:00.000Z,61451.2185129853,63422.6603802151,60769.8406689419,62901.4474552226,27889181179.46,1239017433570.39
2024-05-14T00:00:00.000Z,62900.7740072673,63092.1251610829,61123.7665334497,61552.7901353372,28186271527.17,1212512959206.07
2024-05-15T00:00:00.000Z,61553.9898466732,66454.4499651706,61330.4087797256,66267.4914674742,39815167073.5,1305166889303.51
2024-05-16T00:00:00.000Z,66256.1118170564,66712.4293791061,64613.0560461696,65231.5803133093,31573077993.8,1285007856222.27
2024-05-17T00:00:00.000Z,65231.298680324,67459.459501861,65119.3149767952,67051.8749127217,28031279309.72,1321187121526.77
2024-05-18T00:00:00.000Z,67066.2110427919,67387.3303661433,66663.4965205979,66940.8044099749,16712277405.88,1318742415299.47
2024-05-19T00:00:00.000Z,66937.9300740777,67694.2987797957,65937.1778059728,66278.3700820502,19249094537.72,1305732230286.08
2024-05-20T00:00:00.000Z,66278.7446711611,71483.5662159473,66086.1741180514,71448.1951913786,43850655717.06,1407508223127.28
2024-05-21T00:00:00.000Z,71443.0634407286,71946.462688481,69191.1235320329,70136.5314428893,46932005990.29,1381774907494.93
2024-05-22T00:00:00.000Z,70135.3186263525,70623.6942738307,68977.691411907,69122.3390056842,32802561717.06,1361828325233.73
2024-05-23T00:00:00.000Z,69121.3029390876,70041.2713763247,66356.9536254419,67929.5630390052,41895680979.35,1338341012691.15
2024-05-24T00:00:00.000Z,67928.1302862087,69220.293943924,66622.668678968,68526.0977735946,29197308152.62,1350188278440.89
2024-05-25T00:00:00.000Z,68526.9222212624,69579.3213302478,68515.8188292747,69265.9427381597,15473071741.05,1364748567456.59
2024-05-26T00:00:00.000Z,69264.2852545858,69506.2285421786,68183.8928078913,68518.089965076,15628433736.91,1349968658779.99
2024-05-27T00:00:00.000Z,68512.1802655161,70597.8795113327,68232.5011318297,69394.5533738668,25870990716.7,1367374775956.02
2024-05-28T00:00:00.000Z,69392.1967670435,69514.6393490426,67227.1543961515,68296.2219884276,32722265965.17,1345757548563.5
2024-05-29T00:00:00.000Z,68296.3481343617,68852.4633049161,67101.4943279545,67578.0929202265,26707072905.64,1331600056889.42
2024-05-30T00:00:00.000Z,67576.0878952647,69500.5427031068,67118.0774248017,68364.9895474297,29509712533.79,1347131845678.66
2024-05-31T00:00:00.000Z,68362.5159429005,68999.5652381306,66633.4183418303,67489.6117770498,27387283769.48,1329961627933.33
2024-06-01T00:00:00.000Z,67475.4311813476,67839.7683994728,67386.1976053803,67706.9373135869,11641495603.74,1334337260766.87
2024-06-02T00:00:00.000Z,67710.270892225,68409.1658300424,67315.5263140881,67751.6025754618,17110588415.4,1335227914032.14
2024-06-03T00:00:00.000Z,67753.8954139676,70230.8208497634,66252.0269225257,68804.7800851881,32401285323.51,1355956442572.83
2024-06-04T00:00:00.000Z,68804.5672232513,71047.4060137136,68564.6432212861,70567.7689044147,33149696544.76,1390743617174.58
2024-06-05T00:00:00.000Z,70568.3502921197,71735.4109799185,70390.7126911347,71082.8227040099,32810771409.33,1400900832469.81
2024-06-06T00:00:00.000Z,71082.840431362,71625.7372487098,70119.1230339739,70757.1658518634,25223152007.14,1394552080469.43
2024-06-07T00:00:00.000Z,70759.1844842714,71907.8489829092,68507.2609412725,69342.5867361146,36188381096.17,1366686633129.09
2024-06-08T00:00:00.000Z,69324.1765468448,69533.316965574,69210.7415576629,69305.7743187653,14262185861.29,1365997475511.83
2024-06-09T00:00:00.000Z,69297.4948168382,69817.5222964172,69160.8417439313,69647.9930028748,13534028500.18,1372773642949.49
2024-06-10T00:00:00.000Z,69644.3127359651,70146.068326324,69232.4254462119,69512.2802780003,20597699540.57,1370130002868.6
2024-06-11T00:00:00.000Z,69508.0797260822,69549.4167266658,66123.5991587769,67332.0304641765,37116136345.4,1327182056471.57
2024-06-12T00:00:00.000Z,67321.3741025823,69977.8905524666,66902.4550653939,68241.1840753497,34497940693.82,1345134120906.92
2024-06-13T00:00:00.000Z,68243.1044352463,68365.7836010418,66304.5656045762,66756.3970935791,28955204145.83,1315894956574.15
2024-06-14T00:00:00.000Z,66747.5695108031,67294.6510506943,65056.8930142447,66011.0937273263,27403884779.06,1301221571383.53
2024-06-15T00:00:00.000Z,66006.7402466095,66402.1873506642,65871.7760536484,66191.0004703788,14121265575.81,1304788441997.33
2024-06-16T00:00:00.000Z,66189.3577903179,66894.8412447438,66018.2491743433,66639.0465356994,13281140540.78,1313672583954.16
2024-06-17T00:00:00.000Z,66636.5154989442,67188.3174738561,65094.964125938,66490.2941752674,30006354475.77,1310771374540.33
2024-06-18T00:00:00.000Z,66490.9770080024,66556.6994239639,64066.9556655973,65140.7445894597,39481285949.68,1284195191637.24
2024-06-19T00:00:00.000Z,65146.6591196714,65695.354178078,64693.3023002155,64960.2953009057,21103423504.4,1280662535002.41
2024-06-20T00:00:00.000Z,64960.2953009057,66438.9638782359,64547.8493233898,64828.6558115702,25641109124.03,1278081520105.03
2024-06-21T00:00:00.000Z,64837.9875894116,65007.5463719616,62785.5293236621,64096.1981877808,26188171739.19,1263661931352.75
2024-06-22T00:00:00.000Z,64113.8649019506,64760.3603546725,63960.0319133184,64252.5787467441,9858198792.61,1266764455740.04
2024-06-23T00:00:00.000Z,64248.9631741494,64491.7032159382,63180.7982064002,63180.7982064002,11170471802.36,1245656822237.84
2024-06-24T00:00:00.000Z,63173.3527128475,63292.5271566001,58601.7000722967,60277.4146563769,43152133650.56,1188446806983.14
2024-06-25T00:00:00.000Z,60266.2830663474,62258.2613349935,60239.7483511623,61804.6411680707,29201215430.56,1218587029578.41
2024-06-26T00:00:00.000Z,61789.6754472311,62434.1365104004,60695.1868303097,60811.2784501874,22506003064.37,1199038781431.77
2024-06-27T00:00:00.000Z,60811.2270218847,62293.862003011,60585.3308067077,61604.801764073,21231745044.69,1214717875147.04
2024-06-28T00:00:00.000Z,61612.8057853413,62126.0965678871,59985.4042602081,60320.1355264783,24952866877.23,1189406366262.41
2024-06-29T00:00:00.000Z,60319.8732021512,61097.621824376,60300.9651019716,60887.3808347422,12652903395.87,1200610071822.96
2024-06-30T00:00:00.000Z,60888.4455615606,62892.8271989797,60632.9504386712,62678.292079457,17333226408.92,1235944779945.39
2024-07-01T00:00:00.000Z,62673.6063386528,63777.227541783,62495.5101039097,62851.9800679276,25468379421.26,1239386428568.86
2024-07-02T00:00:00.000Z,62844.4115540899,63203.3594480376,61752.7466366257,62029.0168101831,20151616991.74,1223171892635.89
2024-07-03T00:00:00.000Z,62034.3301365905,62187.7048428681,59419.3883912521,60173.9235814982,29756701684.52,1186592344846.68
2024-07-04T00:00:00.000Z,60147.137642006,60399.6747732512,56777.8049467793,56977.7014590912,41149609229.76,1123568935037.48
2024-07-05T00:00:00.000Z,57022.8092189746,57497.1514256945,53717.3754334207,56662.3732744795,55417544033.35,1117355596306.79
2024-07-06T00:00:00.000Z,56659.075234024,58472.5487392065,56038.9616404155,58303.5385809166,20610320576.89,1149721701454.25
2024-07-07T00:00:00.000Z,58239.4304736734,58371.1203868862,55793.3259432251,55849.1106386094,20553359505.21,1101324021018.89
2024-07-08T00:00:00.000Z,55849.5737694153,58131.3373014961,54321.0190639668,56705.0984270702,39766159898.66,1118206962401.32
2024-07-09T00:00:00.000Z,56704.5969356415,58239.1969981092,56316.8751540777,58009.2263162293,27849512607.28,1143927440649.47
2024-07-10T00:00:00.000Z,58033.8844856386,59359.4323917866,57178.4125249149,57742.4946206796,26175260525.73,1138673101575.64
2024-07-11T00:00:00.000Z,57729.8908040311,59299.4342862437,57120.3775087818,57344.914785087,28707803842.25,1130840802043.28
2024-07-12T00:00:00.000Z,57341.1949342451,58532.5530575507,56590.1744886772,57899.4655171113,25604805220.57,1141786144917.27
2024-07-13T00:00:00.000Z,57908.7385440759,59787.078219519,57796.4424544948,59231.9532405648,17080061806.26,1168067978181.0
2024-07-14T00:00:00.000Z,59225.2503987175,61329.5291439691,59225.2503987175,60787.7923701369,22223416060.82,1198755021571.63
2024-07-15T00:00:00.000Z,60815.4578978154,64870.1528151311,60704.9291986666,64870.1528151311,38094526099.38,1279638364954.2
2024-07-16T00:00:00.000Z,64784.4188428292,65354.3382001038,62487.9671099288,65097.1468308443,41617346767.84,1284144530410.43
2024-07-17T00:00:00.000Z,65091.8307087293,66066.7330274247,63896.0871928785,64118.7926694255,32525071310.74,1264876808968.35
2024-07-18T00:00:00.000Z,64104.7376791449,65104.6614189984,63246.1644386903,63974.0666841082,27239305336.94,1262047185003.48
2024-07-19T00:00:00.000Z,63972.3254992254,67442.6381157797,63329.3420254858,66710.1543130458,37003855409.78,1316050877556.13
2024-07-20T00:00:00.000Z,66709.9256150293,67610.7343734082,66299.6183732209,67163.6449237129,19029581249.82,1325061487221.58
2024-07-21T00:00:00.000Z,67164.9119218204,68372.9051655897,65842.298799547,68154.522905866,26652190003.57,1344591292880.38
2024-07-22T00:00:00.000Z,68152.9761329417,68480.0627910864,66611.2998683859,67585.2499720905,42649109453.15,1333416492641.59
2024-07-23T00:00:00.000Z,67584.8043545273,67779.0175541407,65484.4620810299,65927.6723614031,35605668665.85,1300762573330.26
2024-07-24T00:00:00.000Z,65927.8580751662,67113.9843132699,65146.9949755547,65372.1332336736,27470942308.81,1289901286822.95
2024-07-25T00:00:00.000Z,65375.8734846053,66112.4200353199,63473.4732846473,65777.2239400202,38315761669.6,1297746222202.46
2024-07-26T00:00:00.000Z,65771.8104166052,68207.6000267291,65743.7694349242,67912.06309622,30488630457.22,1340006377389.0
2024-07-27T00:00:00.000Z,67911.8142625278,69398.5113084796,66705.2195764852,67813.3394163313,34691905492.17,1338003104418.14
2024-07-28T00:00:00.000Z,67808.655588481,68301.8541099212,67085.8281866684,68255.8657690205,18043166944.55,1346858598263.74
2024-07-29T00:00:00.000Z,68259.0549329203,69987.5422080099,66532.5931101119,66819.9161863636,40780682628.04,1318540566549.27
2024-07-30T00:00:00.000Z,66819.0526575841,66987.6723080417,65323.1919785809,66201.0162264011,31380492109.35,1306384437839.03
2024-07-31T00:00:00.000Z,66201.2710774696,66810.2126924941,64532.0462977066,64619.2496492185,31292785993.69,1275323104043.98
2024-08-01T00:00:00.000Z,64625.8404447144,65593.244771184,62248.9399911026,65357.5015625505,40975554493.51,1289712080281.71
2024-08-02T00:00:00.000Z,65353.4984738177,65523.2235707569,61184.8931977399,61415.0645726852,43060875727.45,1212008164272.18
2024-08-03T00:00:00.000Z,61414.8084938627,62148.3717618854,59836.5273716364,60680.0946987796,31753030589.34,1197456370706.16
2024-08-04T00:00:00.000Z,60676.0941770946,61062.9895543501,57210.8033286504,58116.9769610403,31758917219.16,1146844860380.54
2024-08-05T00:00:00.000Z,58110.2984557763,58268.8274088694,49121.2373775943,53991.4577965042,108991085584.42,1065580794793.2
2024-08-06T00:00:00.000Z,53991.3475883934,57059.9186167572,53973.2722755542,56034.3165914605,49300484106.29,1106050307069.4
2024-08-07T00:00:00.000Z,56040.6321232278,57726.8810517744,54620.5095211427,55027.4606917867,41637562184.67,1086125591738.96
2024-08-08T00:00:00.000Z,55030.0290256907,62673.7639765565,54766.7284231449,61710.1375644501,45298472566.63,1218352191431.14
2024-08-09T00:00:00.000Z,61728.2089798276,61751.8644407637,59587.8597904934,60880.1122032153,33425553115.27,1201660191806.74
2024-08-10T00:00:00.000Z,60881.2294781478,61464.5116528916,60287.5665321098,60945.8131361053,15745822278.31,1202940345184.08
2024-08-11T00:00:00.000Z,60944.8925563279,61778.6603733988,58348.8233421261,58719.483169327,22759754812.06,1159042118919.04
2024-08-12T00:00:00.000Z,58719.3952192515,60680.3308127436,57688.8977269543,59354.5137212797,37078637820.19,1171638477214.27
2024-08-13T00:00:00.000Z,59356.2077843983,61572.3969722555,58506.2533734494,60609.5669845367,30327698167.09,1196435943982.72
2024-08-14T00:00:00.000Z,60611.0500484466,61687.756592205,58472.8741300951,58737.2706270019,29961696179.78,1159393319243.89
2024-08-15T00:00:00.000Z,58733.2629876225,59838.6486731405,56161.5928697264,57560.0976318307,35682112440.15,1136267308779.81
2024-08-16T00:00:00.000Z,57560.2733013763,59847.3583466111,57110.0193186318,58894.1041602173,29350938673.14,1162612186428.42
2024-08-17T00:00:00.000Z,58893.530843348,59694.6689280267,58814.8313263298,59478.9710471953,13589684021.38,1173983398000.89
2024-08-18T00:00:00.000Z,59468.1314945541,60262.7170016644,58445.4017198721,58483.9649819015,17740625837.21,1154518920582.08
2024-08-19T00:00:00.000Z,58480.7127277463,59612.6612546717,57864.7095096926,59493.4524821881,25911207712.1,1174536992004.58
2024-08-20T00:00:00.000Z,59493.4519675227,61396.3281000012,58610.8833682436,59012.7911526577,31613400007.92,1165118855138.42
2024-08-21T00:00:00.000Z,59014.9876262709,61834.3507771778,58823.4436141467,61175.192009918,32731154072.02,1207652524160.56
2024-08-22T00:00:00.000Z,61168.315762736,61408.1075728165,59815.2549824794,60381.9124606776,27625734376.65,1192142090606.28
2024-08-23T00:00:00.000Z,60380.9528602663,64947.0617611003,60372.0499574361,64094.3572066269,42530509233.24,1265681609173.33
2024-08-24T00:00:00.000Z,64103.8695897208,64513.7904970015,63619.9172143709,64178.9906500623,21430585163.21,1267143884943.4
2024-08-25T00:00:00.000Z,64176.3670669592,64996.4201037902,63833.5188951835,64333.5441834656,18827683555.12,1270273035259.48
2024-08-26T00:00:00.000Z,64342.2254421225,64489.7063803201,62849.5598236226,62880.6586542698,27682040631.48,1241593608804.03
2024-08-27T00:00:00.000Z,62879.7084021583,63207.5975871296,58116.751326202,59504.1326827134,39103882197.72,1175040861567.76
2024-08-28T00:00:00.000Z,59507.9246387341,60236.4480067382,57890.6769051017,59027.6265870301,40289564698.25,1165584605051.06
2024-08-29T00:00:00.000Z,59027.4683440286,61184.0806151523,58786.2269878956,59388.1808524122,32224990582.03,1172740960639.8
2024-08-30T00:00:00.000Z,59388.6018804972,59896.8875637952,57768.5300577066,59119.4747770124,32292756404.79,1167450891056.22
2024-08-31T00:00:00.000Z,59117.4795058185,59432.5919476527,58768.7839637053,58969.8983660431,12403470760.22,1164522862133.13
2024-09-01T00:00:00.000Z,58969.7994536059,59062.0708116667,57217.8238628753,57325.4876891906,24592449996.84,1132107052433.14
2024-09-02T00:00:00.000Z,57326.967287785,59403.0697934676,57136.0264168139,59112.4795055389,27036454524.41,1167274281774.19
2024-09-03T00:00:00.000Z,59106.1912871102,59815.056946191,57425.1673117413,57431.0229886572,26666961052.67,1134203956918.77
2024-09-04T00:00:00.000Z,57430.3485733917,58511.5693214577,55673.162833355,57971.5408166853,35627680311.93,1144922067905.65
2024-09-05T00:00:00.000Z,57971.7033213181,58300.5810225774,55712.4540885557,56160.4872644568,31030280656.27,1109173176845.09
2024-09-06T00:00:00.000Z,56160.189464975,56976.108907217,52598.6996623841,53948.7522426374,49361693566.14,1065529160549.42
2024-09-07T00:00:00.000Z,53949.0871537406,54838.1456716952,53740.0685364941,54139.6894492297,19061486526.14,1069483234366.22
2024-09-08T00:00:00.000Z,54147.9325654123,55300.8596875448,53653.7592211144,54841.5663542288,18268287531.02,1083415774482.94
2024-09-09T00:00:00.000Z,54851.8873519906,58041.1248561564,54598.4337284331,57019.5347575706,34618096173.33,1126266856954.79
2024-09-10T00:00:00.000Z,57020.0984145732,58029.9774360464,56419.4128526596,57648.7124094767,28857630506.88,1138738372572.7
2024-09-11T00:00:00.000Z,57650.2890706235,57991.3205126863,55567.3412852397,57343.1705364168,37049062671.53,1132692864304.88
2024-09-12T00:00:00.000Z,57343.1725885899,58534.3583794247,57330.1007544746,58127.010836944,33835707948.72,1148268024284.08
2024-09-13T00:00:00.000Z,58130.3224813667,60648.0242696995,57650.111670673,60571.2991585945,32490528355.5,1196466210707.58
2024-09-14T00:00:00.000Z,60569.1162343064,60656.7211280316,59517.8819333016,60005.1191557571,16428405496.29,1185265247315.9
2024-09-15T00:00:00.000Z,60000.7283175086,60381.9166672998,58696.3094180022,59182.8353338828,18120960866.97,1169182849928.94
2024-09-16T00:00:00.000Z,59185.22685956,59205.5103578251,57501.3391727673,58192.5068714421,32032822113.39,1149595000633.19
2024-09-17T00:00:00.000Z,58192.5093438557,61316.0913839546,57628.0717661941,60308.5375947655,38075570117.66,1191434667557.74
2024-09-18T00:00:00.000Z,60309.0018795135,61664.0673338615,59218.2524421004,61649.6787266514,40990702890.6,1217976155884.66
2024-09-19T00:00:00.000Z,61651.1553381713,63872.4407220416,61609.8670214546,62940.456765714,42710252572.5,1243489914823.71
2024-09-20T00:00:00.000Z,62941.4275952191,64119.530359621,62364.6065332085,63192.975082876,35177164222.14,1248317992550.81
2024-09-21T00:00:00.000Z,63184.3412676027,63543.3601232398,62783.1053795212,63394.838742556,14408616220.03,1252541488640.3
2024-09-22T00:00:00.000Z,63396.8035525073,63993.4231033969,62440.726268076,63648.7098902519,20183348802.13,1257434508161.25
2024-09-23T00:00:00.000Z,63643.1020803622,64733.5576683482,62628.0786641199,63329.802386615,31400285425.2,1251214895782.2
2024-09-24T00:00:00.000Z,63326.8412511456,64695.2154668874,62737.4179011372,64301.9672659429,29938335243.03,1270523906052.13
2024-09-25T00:00:00.000Z,64302.5912192468,64804.5031378147,62945.3765459511,63143.1459738721,25078377699.65,1247551422563.2
2024-09-26T00:00:00.000Z,63138.5484837603,65790.7954495908,62669.2684494504,65181.0206972443,36873129847.33,1287929596336.16
2024-09-27T00:00:00.000Z,65180.6651400747,66480.6947101072,64852.9910891431,65790.6616497344,32058813449.4,1300039501550.01
2024-09-28T00:00:00.000Z,65792.1819476094,66255.5318744588,65458.034501538,65887.6487821282,15243637983.9,1301977287120.42
2024-09-29T00:00:00.000Z,65888.8952714385,66069.3458132303,65450.0143671644,65635.3081461486,14788214574.54,1296984728119.06
2024-09-30T00:00:00.000Z,65634.6601298628,65635.052877058,62873.615868433,63329.4981294766,37112957474.81,1251461875405.87
2024-10-01T00:00:00.000Z,63335.603583719,64110.9819990323,60189.278696888,60837.009700736,50220923499.58,1202222321937.7
2024-10-02T00:00:00.000Z,60836.3246300866,62357.6867279553,59996.9473420048,60632.7862737945,40762722397.63,1198224649900.69
2024-10-03T00:00:00.000Z,60632.4862350431,61469.0371479302,59878.8034256844,60759.4013268768,36106447278.67,1200668382436.2
2024-10-04T00:00:00.000Z,60754.6251257523,62465.9907584451,60459.9398173621,62067.4774474519,29585472513.07,1226647958541.08
2024-10-05T00:00:00.000Z,62067.6104970553,62371.0236788776,61689.5811648998,62089.9484591443,13305410748.72,1227021845844.29
2024-10-06T00:00:00.000Z,62084.9865006411,62959.5685406335,61833.1500428486,62818.9544761374,14776233666.91,1241559389621.88
2024-10-07T00:00:00.000Z,62819.1093330048,64443.7064117964,62152.5517077403,62236.6593684009,34253562610.48,1229782194408.04
2024-10-08T00:00:00.000Z,62221.6451487376,63174.3062001171,61843.5636611283,62131.9678544148,28134475156.91,1228037977784.51
2024-10-09T00:00:00.000Z,62131.7261033116,62508.8357368894,60314.6143862386,60582.1009695389,27670982363.46,1197429647366.86
2024-10-10T00:00:00.000Z,60581.9296868773,61236.7231707069,58895.2078078197,60274.4980637861,30452813570.16,1191400599851.04
2024-10-11T00:00:00.000Z,60275.4608346571,63400.8698799473,60046.125828387,62445.0886070974,30327141594.18,1234303474603.03
2024-10-12T00:00:00.000Z,62444.6174061501,63448.7832440021,62443.2713529987,63193.0230702875,16744110885.86,1249123856891.37
2024-10-13T00:00:00.000Z,63192.9435754787,63272.6529630129,62035.6366902561,62851.3749169602,18177529689.88,1242341595990.99
2024-10-14T00:00:00.000Z,62848.3994880925,66482.4943857198,62442.1539998429,66046.1280687548,43706958055.79,1305664072036.41
2024-10-15T00:00:00.000Z,66050.3687270292,67881.6795865567,64809.1969471504,67041.1071653338,48863870878.62,1325307318851.9
2024-10-16T00:00:00.000Z,67042.4618218177,68375.2929488011,66758.7255092654,67612.7207776042,38195189533.82,1336696892492.18
2024-10-17T00:00:00.000Z,67617.0795713375,67912.2076398065,66647.391211274,67399.8334924398,32790898510.76,1332816990035.49
2024-10-18T00:00:00.000Z,67419.1087252549,68969.7469240407,67177.818198958,68418.7890489052,36857165014.36,1352611490621.36
2024-10-19T00:00:00.000Z,68418.9766619904,68668.0058104846,68024.6382348537,68362.7331098485,14443497907.64,1351535266982.96
2024-10-20T00:00:00.000Z,68364.1784603044,69359.0070607416,68105.7205055133,69001.7066212849,18975847518.28,1364212669154.26
2024-10-21T00:00:00.000Z,69002.0001468977,69462.7367822244,66829.8534677336,67367.8525561409,37498611780.2,1331798086167.27
2024-10-22T00:00:00.000Z,67360.7027255461,67801.5769977652,66581.3679788567,67361.4026645272,31808472565.82,1331842439476.36
2024-10-23T00:00:00.000Z,67362.3744214737,67402.744623551,65188.0352924195,66432.1982471759,32263980353.23,1313495275869.46
2024-10-24T00:00:00.000Z,66653.7041571813,68798.9619867211,66454.0995567515,68161.053337619,31414428647.2,1347797865139.47
2024-10-25T00:00:00.000Z,68165.2973724389,68722.1594927425,65521.7934506881,66642.4107304263,41469984305.66,1317385748797.48
2024-10-26T00:00:00.000Z,66628.7370038706,67317.9181596119,66360.5955044004,67014.6977283094,19588098156.32,1325286022321.48
2024-10-27T00:00:00.000Z,67023.4794186223,68221.3147408775,66847.223099558,67929.298795622,16721307878.1,1343230761707.59
2024-10-28T00:00:00.000Z,67922.6742726804,70212.2690406726,67535.1310128429,69907.7546738921,38799856657.22,1382358128595.11
2024-10-29T00:00:00.000Z,69910.0453659464,73577.2096582116,69729.9178301829,72720.4935748749,58541874401.85,1437942445619.61
2024-10-30T00:00:00.000Z,72715.366485431,72905.2985200754,71411.7350339885,72339.5421808449,40646637831.37,1430461157910.81
2024-10-31T00:00:00.000Z,72335.0440826332,72662.3097987825,69590.5028708254,70215.1856325839,40627912076.23,1388607599014.43
2024-11-01T00:00:00.000Z,70216.8969678825,71559.0165698806,68779.7003414485,69482.4698507967,49989795365.09,1374187711280.88
2024-11-02T00:00:00.000Z,69486.0239046236,69867.3518537627,69033.7222580968,69289.276665623,18184612091.32,1370468034065.75
2024-11-03T00:00:00.000Z,69296.3820562098,69361.6580037475,67482.5254366951,68741.1154919735,34868307655.18,1359535744745.29
2024-11-04T00:00:00.000Z,68742.1346678016,69433.1764178494,66803.649995796,67811.5091418451,41184819348.33,1341156657449.22
2024-11-05T00:00:00.000Z,67811.1743325914,70522.7868214104,67458.8696770123,69359.5661661779,46046889204.13,1371788058010.5
2024-11-06T00:00:00.000Z,69358.5019894605,76460.1533724237,69322.0318962876,75639.0779464884,118592653963.0,1496003893299.42
2024-11-07T00:00:00.000Z,75637.0849735144,76943.1180221876,74480.4193106694,75904.8584618969,63467654989.4,1501297989024.83
2024-11-08T00:00:00.000Z,75902.832566501,77252.7476648638,75648.741198608,76545.4766431325,55176858002.62,1514255354916.4
2024-11-09T00:00:00.000Z,76556.1911313233,76932.7639895921,75773.788516772,76778.8677516165,29009480361.15,1518690764416.78
2024-11-10T00:00:00.000Z,76775.5438015685,81474.4238878783,76565.429933246,80474.185602194,82570594494.54,1591750610705.99
2024-11-11T00:00:00.000Z,80471.4131920498,89604.4978355824,80283.2476219227,88701.488084206,117966845037.02,1754682553469.65
2024-11-12T00:00:00.000Z,88705.5644865659,89956.882361506,85155.1115052484,87955.8098216397,133673285374.5,1739381625716.84
2024-11-13T00:00:00.000Z,87929.9667732448,93434.3553403447,86256.9319678433,90584.1666733787,123559027868.7,1791737553113.66
2024-11-14T00:00:00.000Z,90574.8820553752,91765.221369439,86682.8158227338,87250.4312745932,87616705247.88,1727562262252.15
2024-11-15T00:00:00.000Z,87284.1830981024,91868.744436111,87124.9008601843,91066.0069552759,78243109518.27,1801436194834.93
2024-11-16T00:00:00.000Z,91064.3662256104,91763.9478843873,90094.2253690597,90558.4752358199,44333192813.6,1791535825197.71
2024-11-17T00:00:00.000Z,90558.4631117088,91433.04050285,88741.6658321694,89845.8512088281,46350159305.48,1777526304284.46
2024-11-18T00:00:00.000Z,89843.7154789328,92596.7889194348,89393.5905739655,90542.6439962666,75535775084.26,1791255587562.26
2024-11-19T00:00:00.000Z,90536.8115264555,94002.8701076919,90426.9853808707,92343.7920549007,74521048294.81,1826956673335.0
2024-11-20T00:00:00.000Z,92341.8941573535,94902.0235761485,91619.4963973839,94339.4950270085,71730956426.31,1866427425875.83
2024-11-21T00:00:00.000Z,94334.6432809324,99014.214912061,94132.6009666759,98504.7275898154,106024505581.86,1948797365352.85
2024-11-22T00:00:00.000Z,98496.4294867186,99655.5010786335,97222.6670416634,98997.662080436,78473580550.87,1958954432126.85
2024-11-23T00:00:00.000Z,99006.7422747472,99014.6778634921,97232.893115107,97777.279763055,44414644676.69,1934627418210.28
2024-11-24T00:00:00.000Z,97778.0973586439,98647.1775807062,95788.0769955707,98013.8209078789,51712020622.89,1937919789263.12
2024-11-25T00:00:00.000Z,98033.4427003163,98935.0318069042,92642.9148612771,93102.2952135852,80909462490.0,1842257290730.95
2024-11-26T00:00:00.000Z,93087.2799915931,94991.7499693653,90770.8150406524,91985.3168304103,91656519855.42,1820053564596.46
2024-11-27T00:00:00.000Z,91978.1385818315,97361.1819357048,91778.6612119403,95962.5284193169,71133452438.22,1898774680758.02
2024-11-28T00:00:00.000Z,95954.9448816703,96650.2037683052,94677.3542961871,95652.4651587091,52260008260.61,1892868519535.94
2024-11-29T00:00:00.000Z,95653.9525935763,98693.1681672557,95407.8863720956,97461.5237129843,54968682476.36,1928820661174.08
2024-11-30T00:00:00.000Z,97468.8124452958,97499.3424017154,96144.2198283204,96449.0558127732,31634227866.46,1908652965665.17
2024-12-01T00:00:00.000Z,96461.3368002386,97888.1272696056,95770.1844650506,97279.7929223558,36590695296.24,1924784957143.68
2024-12-02T00:00:00.000Z,97276.0101170567,98152.5982470177,94482.8633434321,95865.3016323752,72680784305.11,1896994040043.38
2024-12-03T00:00:00.000Z,95854.5974342939,96297.2000609749,93629.5598937809,96002.162144032,67067810961.23,1899532461067.09
2024-12-04T00:00:00.000Z,95988.5287123714,99207.3250728128,94660.5232511768,98768.5275553455,77199817111.98,1954156097012.25
2024-12-05T00:00:00.000Z,98741.5393815507,103900.472147234,91998.781701436,96593.5722722098,149218945579.65,1911777565577.02
2024-12-06T00:00:00.000Z,97074.2248322286,102039.881795891,96514.8760817966,99920.7147303285,94534772657.92,1977630964720.96
2024-12-07T00:00:00.000Z,99916.7144638641,100563.379751039,99030.8864921902,99923.3366192646,44177510896.8,1977521445640.32
2024-12-08T00:00:00.000Z,99921.9167967171,101399.988708925,98771.5141679393,101236.013140353,44125751925.28,2003538950158.15
2024-12-09T00:00:00.000Z,101237.061521334,101272.504213428,94355.9110419722,97432.7212603679,110676473908.41,1928513648652.0
2024-12-10T00:00:00.000Z,97441.2344664559,98270.1527701471,94321.25879199,96675.4335399369,104823780633.61,1913235117589.06
2024-12-11T00:00:00.000Z,96656.0616181213,101913.362465715,95747.2288650111,101173.032645111,85391409935.84,2002682634623.17
2024-12-12T00:00:00.000Z,101167.807004337,102524.910275346,99339.9499287061,100042.997915012,72073983532.97,1980440555379.36
2024-12-13T00:00:00.000Z,100046.650538121,101888.808408951,99233.2780486758,101459.254401269,56894751583.19,2008423637064.33
2024-12-14T00:00:00.000Z,101451.43995018,102618.884575431,100634.057548161,101372.966078653,40422968793.07,2006808502978.48
2024-12-15T00:00:00.000Z,101373.53296068,105047.541884203,101227.027792995,104298.695797922,51145914137.43,2065144333081.26
2024-12-16T00:00:00.000Z,104293.576460697,107780.579552206,103322.982818852,106029.720586096,91020417816.32,2099101774990.23
2024-12-17T00:00:00.000Z,106030.690582452,108268.447080436,105291.737867581,106140.59823843,68589364867.85,2101344621529.72
2024-12-18T00:00:00.000Z,106147.295259683,106470.606364896,100041.542702905,100041.542702905,93865656139.45,1982994456166.16
2024-12-19T00:00:00.000Z,100070.687428943,102748.150846626,95587.6815019394,97490.949982775,97221662391.74,1930044053238.37
2024-12-20T00:00:00.000Z,97484.6973095173,98098.9113051982,92175.1804504625,97755.9301603751,105634083408.08,1935459460468.73
2024-12-21T00:00:00.000Z,97756.1922018157,99507.0985909185,96426.5207387424,97224.7263442974,51765334293.97,1924861940275.83
2024-12-22T00:00:00.000Z,97218.3182689266,97360.2647012436,94202.1862477336,95104.9343710597,43147981313.7,1882953315399.26
2024-12-23T00:00:00.000Z,95099.3919548289,96416.2139282978,92403.1313832204,94686.2394384325,65239002918.62,1875314065984.88
2024-12-24T00:00:00.000Z,94684.3475533376,99404.0613248691,93448.0139404195,98676.0973968281,47114953674.13,1953851713516.67
2024-12-25T00:00:00.000Z,98675.9108627628,99478.7490158499,97593.470165093,99299.1927492124,33700394629.11,1966210082590.95
2024-12-26T00:00:00.000Z,99297.6970087846,99884.57216657,95137.8852950566,95795.5165975983,47054980873.26,1896937576269.02
2024-12-27T00:00:00.000Z,95704.9745862557,97294.8464204259,93310.7438042296,94164.8603483526,52419934565.08,1864541907464.46
2024-12-28T00:00:00.000Z,94160.1862227031,95525.8985215209,94014.2864973319,95163.9319264048,24107436184.88,1884684226460.12
2024-12-29T00:00:00.000Z,95174.0551172888,95174.8784017898,92881.7918699336,93530.2284378695,29635885266.64,1852119372624.09
2024-12-30T00:00:00.000Z,93527.1974974745,94903.3238957155,91317.1354600511,92643.2146040146,56188003691.42,1834643033988.95
2024-12-31T00:00:00.000Z,92643.251221688,96090.6037883835,91914.0277832714,93429.2028113992,43625106842.87,1850183342119.26
2025-01-01T00:00:00.000Z,93425.1021360494,94929.8648089961,92788.1278846819,94419.7575054903,24519888918.84,1869850163161.44
2025-01-02T00:00:00.000Z,94416.2865472787,97739.8168446244,94201.5704154564,96886.8782682304,46009564411.19,1918730145566.76
2025-01-03T00:00:00.000Z,96881.7290234686,98956.9170426074,96034.6140572454,98107.4287619937,35611391162.85,1943222658412.32
2025-01-04T00:00:00.000Z,98106.9935527892,98734.4281764666,97562.9759692776,98236.2290916657,22342608077.72,1945654462825.16
2025-01-05T00:00:00.000Z,98233.9057765858,98813.3085544115,97291.7646063472,98314.9594436372,20525254824.64,1947189546143.58
2025-01-06T00:00:00.000Z,98314.9569580597,102482.873909919,97926.1485172348,102078.085572877,51823432704.9,2021809968109.4
2025-01-07T00:00:00.000Z,102248.852548183,102712.485697272,96132.8747011312,96922.7052796726,58685738546.55,1919787500379.26
2025-01-08T00:00:00.000Z,96924.1649742654,97258.3217480094,92525.8445608172,95043.5234559406,63875859171.19,1882572360732.92
2025-01-09T00:00:00.000Z,95043.4876399706,95349.7214596253,91220.8422602806,92484.0369715298,62777261693.16,1832169140187.88
2025-01-10T00:00:00.000Z,92494.4915059927,95770.6115962075,92250.092737317,94701.4564626687,62058693683.57,1875885466612.61
2025-01-11T00:00:00.000Z,94700.8380534732,94977.6876648955,93840.043523601,94566.5936752458,18860894100.35,1873237899879.31
2025-01-12T00:00:00.000Z,94565.7258317476,95367.5362990402,93712.5116724825,94488.4410616268,20885130964.79,1871766465336.38
2025-01-13T00:00:00.000Z,94488.8921736814,95837.0002259194,89260.1001886086,94516.5256268428,72978998252.04,1872375406197.59
2025-01-14T00:00:00.000Z,94519.0071414979,97352.6647477847,94322.154503832,96534.0442146476,53769675817.65,1912474167256.74
2025-01-15T00:00:00.000Z,96534.0459693992,100697.234363435,96501.6443933864,100504.493441195,57805923627.33,1991112409561.28
2025-01-16T00:00:00.000Z,100505.298726307,100781.589095023,97364.4430844998,99756.9090981947,54103781804.71,1975939538073.53
2025-01-17T00:00:00.000Z,100025.765055269,105884.230447798,99948.9050642389,104462.042622218,71888972662.9,2069344681719.56
2025-01-18T00:00:00.000Z,104124.954576209,104913.206214376,102226.620334555,104408.067303051,50445655725.64,2068581942437.74
2025-01-19T00:00:00.000Z,104411.286795273,106299.798528867,99570.5311832792,101089.606498321,76789928525.09,2002715800503.2
2025-01-20T00:00:00.000Z,101083.753465156,109114.884834088,99471.3589402134,102016.662280759,126279678351.02,2021959305140.74
2025-01-21T00:00:00.000Z,102052.575251194,107180.924895101,100103.955807099,106146.263006734,88733878242.01,2102915931217.31
2025-01-22T00:00:00.000Z,106136.383347101,106294.340135772,103360.269311616,103653.069242229,53878181052.37,2053851084717.98
2025-01-23T00:00:00.000Z,103657.674563574,106820.328808409,101257.803175502,103960.171637227,104104515428.06,2059818861176.53
2025-01-24T00:00:00.000Z,103965.669720643,107098.545163116,102772.124173158,104819.484485496,52388229265.3,2076961712719.0
2025-01-25T00:00:00.000Z,104824.033678871,105243.790602135,104120.376804961,104714.645366318,23888996501.99,2074559479001.94
2025-01-26T00:00:00.000Z,104713.213229964,105438.64453453,102507.711729671,102682.497033177,22543395879.45,2034705019960.93
2025-01-27T00:00:00.000Z,102680.303590971,103214.110459846,97795.9361021666,102087.691335018,89006608427.88,2023052943646.03
2025-01-28T00:00:00.000Z,102095.417582976,103730.821061224,100238.188136838,101332.476220806,47180685494.0,2007518100049.64
2025-01-29T00:00:00.000Z,101317.527253211,104750.807242002,101283.822709572,103703.211192417,47432049817.95,2055183543946.32
2025-01-30T00:00:00.000Z,103709.338799125,106418.766694569,103321.645064458,104735.302839149,41915744521.36,2075653153142.54
2025-01-31T00:00:00.000Z,104737.562192037,106026.350288085,101543.882913922,102405.027084445,45732764359.6,2029428972448.1
2025-02-01T00:00:00.000Z,102402.798115397,102755.726017527,100297.709238742,100655.905651215,27757944848.3,1994943345106.19
2025-02-02T00:00:00.000Z,100661.536387236,101430.665833041,96216.0778118839,97688.9793048889,63091816853.4,1935746524005.4
2025-02-03T00:00:00.000Z,97681.1032562505,102514.174680174,91242.8926025841,101405.42306569,115400897748.03,2009571185330.52
2025-02-04T00:00:00.000Z,101398.717040286,101745.61330482,96208.1065468762,97871.8178338929,73002130210.71,1939247972759.58
2025-02-05T00:00:00.000Z,97878.0097544626,99113.2078252824,96174.8255591031,96615.4445401536,49125911241.12,1915013611807.15
2025-02-06T00:00:00.000Z,96610.6402284928,99168.6060063579,95707.3499191183,96593.3003285625,45302471947.11,1914349686277.64
2025-02-07T00:00:00.000Z,96581.3172874407,100154.143334761,95653.8866516577,96529.082494532,55741290456.48,1913405359442.93
2025-02-08T00:00:00.000Z,96533.2608441032,96877.8073359892,95702.4923701161,96482.4498744429,22447526395.12,1912426186151.71
2025-02-09T00:00:00.000Z,96481.315261394,97325.2820426549,94745.2612271789,96500.0947902698,27732901800.43,1912827391516.37
2025-02-10T00:00:00.000Z,96499.4620926385,98333.2200725747,95320.8420255399,97437.5572620868,40078962390.78,1931740792090.75
2025-02-11T00:00:00.000Z,97438.1312083266,98492.9012816126,94875.0388502221,95747.4311295895,37488783271.89,1897964794815.03
2025-02-12T00:00:00.000Z,95745.6944569594,98151.0269256076,94101.2033270052,97885.8630551901,49340445529.78,1940242365476.66
2025-02-13T00:00:00.000Z,97888.7464885097,98111.0874246068,95269.7078995683,96623.8690084382,37147280859.99,1915447210572.84
2025-02-14T00:00:00.000Z,96623.3708675579,98819.468963167,96342.8060263559,97508.9699033175,32697987276.92,1932948924495.69
2025-02-15T00:00:00.000Z,97508.3827694604,97975.0372487157,97240.197119082,97580.3493821008,17047266288.41,1934520637924.95
2025-02-16T00:00:00.000Z,97580.4905830129,97725.5973030704,96060.9797534292,96175.0320402609,16536755396.23,1906779638967.32
2025-02-17T00:00:00.000Z,96179.0045652885,97032.2382535096,95243.5431921376,95773.3841866043,27336550689.63,1898793608528.55
2025-02-18T00:00:00.000Z,95773.8162428381,96695.378399656,93388.8322011121,95539.5436031828,37325720482.36,1894092344724.63
2025-02-19T00:00:00.000Z,95532.5321463391,96855.5972199515,95011.9690766763,96635.6132123525,28990872861.84,1915897477169.6
2025-02-20T00:00:00.000Z,96632.6791870311,98767.1937355485,96442.6707214109,98333.937829345,31668022770.75,1949797317941.17
2025-02-21T00:00:00.000Z,98340.6700379587,99497.9667673705,94852.9586202686,96125.5440549653,49608706469.55,1905832099166.45
2025-02-22T00:00:00.000Z,96134.2019122491,96950.1593791318,95765.3403944205,96577.7615471497,18353824476.55,1914928937300.34
2025-02-23T00:00:00.000Z,96577.8030806053,96671.8742938271,95270.4528059821,96273.9197465574,16999478976.16,1909022572746.19
2025-02-24T00:00:00.000Z,96277.9637903407,96503.4544271125,91371.7407133849,91418.1736674415,44046480529.18,1812835768648.78
2025-02-25T00:00:00.000Z,91437.1140051059,92511.0797388523,86008.2349127652,88736.1734415255,92139104127.7,1759577092442.84
2025-02-26T00:00:00.000Z,88638.893456738,89286.2519247124,82131.9013643001,84347.019721982,64597492134.27,1671143630991.63
2025-02-27T00:00:00.000Z,84076.8619070145,87000.7810169214,83144.9590529622,84704.2245822833,52659591953.61,1679717102161.05
2025-02-28T00:00:00.000Z,84705.6284802187,85036.3222274563,78248.9161015268,84373.0103295802,83610570575.92,1673219380516.41
2025-03-01T00:00:00.000Z,84373.8643718367,86522.3023454015,83794.2324922408,86031.9123977154,29190628396.31,1706160579762.37
2025-03-02T00:00:00.000Z,86036.2575495497,95043.435203001,85040.211164905,94248.3505251674,58398341092.43,1869318230178.38
2025-03-03T00:00:00.000Z,94248.4214971805,94429.7478237328,85081.3049286788,86065.6683289207,70072228536.46,1707124824346.28
2025-03-04T00:00:00.000Z,86064.0666589959,88911.2740776466,81529.2398329868,87222.1922066767,68095241474.12,1729669520136.75
2025-03-05T00:00:00.000Z,87222.954869116,90998.2395434617,86379.7730424013,90623.5618428087,50498988027.45,1797288639505.38
2025-03-06T00:00:00.000Z,90622.3611550251,92804.9398315323,87852.1384806097,89961.727243714,47749810486.3,1783797293239.35
2025-03-07T00:00:00.000Z,89963.2830044752,91191.0496299424,84717.6796713483,86742.6756244441,65945677657.29,1720278292432.94
2025-03-08T00:00:00.000Z,86742.6529900258,86847.2675938541,85247.4841877294,86154.5932099702,18206118081.06,1708770969530.81
2025-03-09T00:00:00.000Z,86154.3058905771,86471.1301630585,80052.4869785059,80601.0413114199,30899345977.33,1598204838668.61
2025-03-10T00:00:00.000Z,80597.1497836398,83955.9262519717,77420.5921857503,78532.0018084677,54061099421.87,1558443889890.77
2025-03-11T00:00:00.000Z,78523.8715438118,83577.7559592816,76624.2524898268,82862.2081809809,54702837195.93,1643251488719.33
2025-03-12T00:00:00.000Z,82857.3783720186,84358.5774618278,80635.2492346441,83722.3619517496,40353484453.92,1660115020072.53
2025-03-13T00:00:00.000Z,83724.9195997057,84301.6919089795,79931.853244561,81066.7013691458,31412940153.29,1608729406184.04
2025-03-14T00:00:00.000Z,81066.993377569,85263.2898568471,80797.5625908225,83969.0997189857,29588112413.91,1665855004855.24
2025-03-15T00:00:00.000Z,83968.4059495509,84672.6721611549,83639.5948576348,84343.1084583416,13650491277.15,1673151454912.12
2025-03-16T00:00:00.000Z,84333.3216170116,85051.5984853423,82017.9047143343,82579.6908921864,21330270173.57,1638135611739.34
2025-03-17T00:00:00.000Z,82576.3342781945,84725.3259819035,82492.1525372132,84075.6886968797,25092785558.06,1667916832027.95
2025-03-18T00:00:00.000Z,84075.7156723962,84075.7156723962,81179.9901632846,82718.5023176431,24095774593.8,1641034534667.84
2025-03-19T00:00:00.000Z,82718.8042584539,87021.1858054925,82569.7268946267,86854.2259604391,34931960257.28,1723489026417.42
2025-03-20T00:00:00.000Z,86872.9533018947,87443.2677695942,83647.1939665022,84167.1934043364,29028988960.57,1669793971945.76
2025-03-21T00:00:00.000Z,84164.5425239259,84782.27165102,83171.0697216811,84043.245182099,19030452299.43,1667338686341.68
2025-03-22T00:00:00.000Z,84046.2582881817,84513.8724239979,83674.78082322,83832.4875518333,9863214090.93,1663232978817.3
2025-03-23T00:00:00.000Z,83831.9005141602,86094.7800776054,83794.9106561252,86054.3718630108,12594615536.53,1707315972975.48
2025-03-24T00:00:00.000Z,86070.9281111585,88758.7296368342,85541.1981001687,87498.9124102767,34582604932.53,1736502001565.25
2025-03-25T00:00:00.000Z,87512.8194407259,88542.3946728374,86346.0788966631,87471.7030479404,30005840048.56,1735384354257.58
2025-03-26T00:00:00.000Z,87460.2366697949,88292.156901437,85861.455394714,86900.8855432885,26704046037.95,1724236156701.27
2025-03-27T00:00:00.000Z,86896.2548762212,87786.723395316,85837.9337014745,87177.1021055135,24413471940.5,1730010857472.35
2025-03-28T00:00:00.000Z,87185.2346771071,87489.8612148241,83557.6424644235,84353.1510125816,34198619509.07,1673833438274.29
2025-03-29T00:00:00.000Z,84352.0727262958,84567.3321457268,81634.1413054795,82597.5843388613,16969396135.15,1639041071993.37
2025-03-30T00:00:00.000Z,82596.9832343092,83505.0029320693,81573.2470657633,82334.5226969202,14763760943.16,1633897839688.31
2025-03-31T00:00:00.000Z,82336.0593457524,83870.1213490621,81293.8885609204,82548.9109608694,29004228246.6,1638221363683.2
2025-04-01T00:00:00.000Z,82551.9187292547,85487.3661226658,82429.3619929085,85169.1695887702,28175650319.38,1690423576120.2
2025-04-02T00:00:00.000Z,85180.6130399194,88466.9569585923,82343.5391072756,82485.7083713044,47584398470.45,1637022453253.18
2025-04-03T00:00:00.000Z,82487.4764239047,83909.2983654795,81282.0978627491,83102.8282065402,36852112079.93,1649221222254.52
2025-04-04T00:00:00.000Z,83100.2474409798,84696.1462638178,81670.7487703545,83843.8048731047,45157640206.84,1664044793034.85
2025-04-05T00:00:00.000Z,83844.6996629091,84207.0193621592,82377.7358642744,83504.8001720546,14380803630.57,1657340895729.22
2025-04-06T00:00:00.000Z,83504.5071163801,83704.7177864194,77097.7409017465,78214.4808171041,36294853735.96,1552514022964.74
2025-04-07T00:00:00.000Z,78221.3331336497,81119.0644210414,74436.6791009452,79235.333132174,91262424987.16,1572341577872.51
2025-04-08T00:00:00.000Z,79218.4738597791,80823.8881213157,76198.022280574,76271.9501747134,48314590748.66,1513925781250.1
2025-04-09T00:00:00.000Z,76273.5617005576,83541.0002548722,74589.6727070598,82573.9511277008,84213627037.89,1638855824943.54
2025-04-10T00:00:00.000Z,82565.9744525521,82700.9320641928,78456.1337477737,79626.1414360505,44718000633.05,1580516596818.75
2025-04-11T00:00:00.000Z,79625.0481407205,84247.4736492697,78936.3205689461,83404.8398063772,41656778779.2,1655577243580.95
2025-04-12T00:00:00.000Z,83404.516993045,85856.1878699008,82769.3778925434,85287.1132768994,24258059103.94,1692832369410.95
2025-04-13T00:00:00.000Z,85279.4705343828,86015.1858492691,83027.0042626966,83684.9790281051,28796984817.37,1661414206575.85
2025-04-14T00:00:00.000Z,83694.5232732834,85784.9977272972,83690.6369469088,84542.3912826737,34090769777.17,1678232271828.09
2025-04-15T00:00:00.000Z,84539.692784981,86429.3484786375,83598.818421582,83668.9893302616,28040322884.75,1661094846850.74
2025-04-16T00:00:00.000Z,83674.5110786453,85428.2824096212,83100.617930143,84033.865416481,29617804112.22,1668203892788.15
2025-04-17T00:00:00.000Z,84030.672926765,85449.067655591,83749.7530202011,84895.7514392675,21276866029.01,1685506773681.22
2025-04-18T00:00:00.000Z,84900.1913574227,85095.0494426195,84298.8832048904,84450.8070773412,12728372364.23,1676621539019.95
2025-04-19T00:00:00.000Z,84450.8703334615,85597.7037392458,84353.4578154094,85063.4130568411,15259300427.02,1688872213416.23
2025-04-20T00:00:00.000Z,85066.068869856,85306.3812568669,83976.8458492975,85174.3016291611,14664050811.93,1690999727673.35
2025-04-21T00:00:00.000Z,85171.5427512029,88460.0961714718,85143.8377085489,87518.9050346999,41396190189.88,1737698002466.93
2025-04-22T00:00:00.000Z,87521.8711734663,93817.3837912219,87084.529413867,93441.8933475575,55899038455.73,1854997709159.84
2025-04-23T00:00:00.000Z,98296.0,94320.0,88597.0,93456.0,58985466625.0,1855426785631.0
